<skin>
<desklrc_bar image="desklrc_bar.bmp" transparent_color="#ff00ff">
		<icon position="6, 8, 22, 24" image="main.bmp" />
		<play position="56, 6, 74, 24" image="desklrc_play.bmp" />
		<pause position="56, 6, 74, 24" image="desklrc_pause.bmp" />		
		<prev position="32, 6, 50, 24" image="desklrc_prev.bmp" />
		<next position="80, 6, 98, 24" image="desklrc_next.bmp" />
		<list position="104, 6, 122, 24" image="desklrc_list.bmp" />
		<settings position="132, 6, 150, 24" image="desklrc_settings.bmp" />
		<karaoke position="154, 6, 172, 24" image="desklrc_karaoke.bmp" />
		<lines position="177, 6, 195, 24" image="desklrc_lines.bmp" />
		<lock position="199, 6, 217, 24" image="desklrc_lock.bmp" />
		<ontop position="218, 6, 236, 24" image="desklrc_ontop.bmp"/>    
		<return position="247, 6, 265, 24" image="desklrc_return.bmp"/>    
		<close position="272, 6, 290, 24" image="desklrc_close.bmp" />
</desklrc_bar>
</skin>